id,date,deadline_date,title,category,phase,awarded_value_in_euros,tender_country
36077,2021-08-01,2021-08-12,"""Régészeti feltárásokhoz szükséges kézi földmunka""",constructions,Contracting and performance phase,819784.50,Hungary
36073,2021-09-26,2021-10-07,Cserepes és Szélmalom utcák felújítása,constructions,Contracting and performance phase,153941.38,Hungary
36067,2021-01-17,2021-01-28,Bölcsőde építése Dömösön – TOP-1.4.1-19-KO1-2019,constructions,Contracting and performance phase,142049.55,Hungary
36060,2021-01-28,2021-03-03,Építési beruházás - EFOP-2.4.1,constructions,Contracting and performance phase,560212.36,Hungary
36059,2021-10-21,2021-11-03,Felszíni vízrendezés I. üteme,constructions,Contracting and performance phase,379723.78,Hungary
36056,2021-10-02,2021-10-15,"Szentlőrinc, Kossuth L. u. 16._tetőtér beépítése",constructions,Contracting and performance phase,216339.49,Hungary
36046,2021-10-17,2021-10-25,Nagyrozvágy Általános Iskola felújítási munkák,constructions,Contracting and performance phase,231700.21,Hungary
36027,2021-09-26,2021-10-01,ELTE Pável I-II. kollégiumok felújítása - újra,constructions,Contracting and performance phase,821136.95,Hungary
36025,2021-08-09,2021-09-10,Attila 13/A. nyílászáró csere és felújítás,constructions,Contracting and performance phase,133944.12,Hungary
35527,2021-10-25,2021-11-05,Mosodai szolgáltatási feladatok ellátása 2022,services,Contracting and performance phase,91488.82,Hungary
35174,2021-10-18,2021-10-29,Robotika laborba eszközök és szoftverek beszerzése,supplies,Contracting and performance phase,5331.42,Hungary
35168,2021-10-17,2021-10-29,Lomtalanítási feladatok ellátása,services,Contracting and performance phase,82252.63,Hungary
34666,2021-09-30,2021-10-18,(PTS-294) ultrahang berendezések és fejek,supplies,Contracting and performance phase,181229.95,Hungary
34630,2021-09-28,2021-10-11,Orvosi laboratóriumok akkreditálás előkészítés,services,Contracting and performance phase,64705.40,Hungary
34135,2021-09-08,2021-09-20,Eszközök beszerzése Bagod,supplies,Contracting and performance phase,22611.03,Hungary
34099,2021-09-07,2021-10-15,Gépjavító műhely rekonstrukció,constructions,Contracting and performance phase,1155807.41,Hungary
33999,2021-09-01,2021-09-16,Licencgazdálkodási rendszerhez licenc beszerzése,supplies,Contracting and performance phase,47895.70,Hungary
33919,2021-08-29,2021-09-20,TOP-1.2.1-15 LÁTOGATÓKÖZPONT ESZKÖZBESZERZÉS,supplies,Contracting and performance phase,145404.13,Hungary
33333,2021-08-09,2021-09-13,K2152/II. Értéktelen veszélyes hulladékok,services,Contracting and performance phase,164505.25,Hungary
32808,2021-07-20,2021-08-26,Tomori kúria felújítása,constructions,Contracting and performance phase,436314.49,Hungary
32655,2021-07-13,2021-08-31,Hévízi úti kerékpárút I. ütemének megépítése,constructions,Evaluation phase,198189.67,Hungary
25788,2020-10-28,2020-12-07,"Taszár, Mezőkövesd műszaki ellenőri szolgáltatás",services,Evaluation phase,35012.20,Hungary
36006,2021-09-27,2021-10-13,Pesterzsébet - Kossuth Bölcsőde konyha fejlesztése,constructions,Contracting and performance phase,162342.16,Hungary
36004,2021-09-26,2021-10-07,Alkotóház villaépület felújítása-Balatonföldvár,constructions,Contracting and performance phase,170327.02,Hungary
35980,2021-08-07,2021-08-18,„Kádár utcai parkoló építés kivitelezése”,constructions,Contracting and performance phase,380726.38,Hungary
34994,2021-10-11,2021-10-26,"Élelmiszerek, élelmezési alapanyagok beszerzése",supplies,Contracting and performance phase,112482.64,Hungary
34891,2021-10-07,2021-10-25,Iparterület kialakítása Nagyvisnyón TOP 1.1.1-16ME,constructions,Contracting and performance phase,393953.58,Hungary
34713,2021-09-30,2021-10-15,Tisztítószerek szállítása,supplies,Contracting and performance phase,111368.91,Hungary
34670,2021-09-29,2021-10-11,Új lakásvízmérők beszerzése ÉDV Zrt. részére,supplies,Contracting and performance phase,7888.63,Hungary
34369,2021-09-15,2021-10-05,Zöldségtermesztéshez kapcsolódó eszközök,supplies,Contracting and performance phase,112209.64,Hungary
34319,2021-09-14,2021-09-30,Karácsonyi csomagok beszerzése/karácsonyi juttatás,supplies,Contracting and performance phase,59773.44,Hungary
34187,2021-09-09,2021-09-24,Madáreltérítők telepítése védővezető sodronyokra,services,Contracting and performance phase,9914.02,Hungary
33912,2021-08-30,2021-09-24,ELTE Vezér úti Kollégium felújítás,constructions,Contracting and performance phase,783398.37,Hungary
32156,2021-06-24,2021-07-19,Adatmentő szoftvereszközök beszerzése négy részben,supplies,Evaluation phase,25224.51,Hungary
32113,2021-06-22,2021-08-10,"„Bölcsődei férőhelyek kialakítása, bővítése 2021”",constructions,Contracting and performance phase,586591.67,Hungary
31698,2021-06-06,2021-06-28,Panyola Község csapadékvíz elvezetése,constructions,Evaluation phase,416687.76,Hungary
35976,2021-09-09,2021-10-06,Ybl villa történeti kert kialakítása,constructions,Contracting and performance phase,691252.95,Hungary
35974,2021-10-25,2021-11-05,"Iváncsa, Egészségház felújítása",constructions,Contracting and performance phase,126231.99,Hungary
35950,2021-08-08,2021-08-31,Székesfehérvár földszállító út kivitelezése,constructions,Contracting and performance phase,253286.26,Hungary
34999,2021-10-12,2021-10-25,Karácsonyi csomag kézbesítése időskorúak részére,services,Contracting and performance phase,66817.59,Hungary
34730,2021-09-29,2021-10-15,Gumiabroncs beszerzése,supplies,Contracting and performance phase,127709.00,Hungary
34180,2021-09-08,2021-09-28,"„Szennyvíztisztítótelep bővítése, tervezés”",services,Contracting and performance phase,44811.19,Hungary
34107,2021-09-07,2021-09-29,Szoc. alapszolg. infrastr. fejl. Lengyeltótiban,constructions,Contracting and performance phase,498835.96,Hungary
34034,2021-09-02,2021-09-22,Pályaorientációs programok megszervezése - KM,services,Contracting and performance phase,111445.14,Hungary
33709,2021-08-22,2021-09-09,"ANDOC licenc és support szolgáltatás, testreszabás",services,Contracting and performance phase,63615.50,Hungary
33685,2021-08-18,2021-09-07,Rendezvények lebonyolítása Jászkisér településen,services,Contracting and performance phase,75069.68,Hungary
32671,2021-07-14,2021-08-06,Új bölcsődei férőhelyek létesítése Szirmabesenyőn,constructions,Contracting and performance phase,202887.76,Hungary
30320,2021-04-22,2021-05-28,Szolnoki RFK energetikai fejlesztés,constructions,Evaluation phase,805902.17,Hungary
35930,2021-10-17,2021-10-25,Tenki Csicsergő Óvoda kiegészítő beruházás,constructions,Contracting and performance phase,28936.01,Hungary
35928,2021-09-09,2021-09-27,Sóskút – egyesületi ház építése új eljárás,constructions,Contracting and performance phase,403045.31,Hungary
35927,2021-06-29,2021-07-28,"Szolnok, csomópontok építése a H. G. M. Kórháznál",constructions,Contracting and performance phase,781909.18,Hungary
35924,2021-09-16,2021-09-29,OKF irodaház folyosóinak felújítási munkái,constructions,Contracting and performance phase,285634.06,Hungary
35919,2021-09-22,2021-10-29,"SZOÖ – Tető, gáz felújítása",constructions,Contracting and performance phase,280757.79,Hungary
35918,2021-10-19,2021-11-03,Dr. Molnár I. EGYMI felújítása és tetőszigetelése,constructions,Contracting and performance phase,156359.83,Hungary
35916,2021-06-20,2021-07-08,Intézményi felújítás Magyar Falu Program 5 részben,constructions,Contracting and performance phase,120463.15,Hungary
35911,2021-09-22,2021-10-19,Elektromos munkák végzése (794/2021.),constructions,Contracting and performance phase,43565.23,Hungary
35908,2021-09-26,2021-10-12,Tenisz öltözőépület felújítási munkái,constructions,Contracting and performance phase,632766.50,Hungary
35907,2021-08-15,2021-08-27,MFP-OKE/2020 - Kerékpárút fejlesztése Markazon,constructions,Contracting and performance phase,82563.33,Hungary
35906,2021-08-11,2021-08-24,Közvilágítás korszerűsítés,constructions,Contracting and performance phase,160399.53,Hungary
35595,2021-09-14,2021-10-11,MAR keretrendszer továbbfejlesztése és támogatása,services,Contracting and performance phase,155746.22,Hungary
34854,2021-10-06,2021-10-19,Hulladékgyűjtő zsák beszerzése,supplies,Contracting and performance phase,81179.30,Hungary
34659,2021-09-30,2021-10-12,Földgáz energia beszerzés - 2021,supplies,Contracting and performance phase,177605.33,Hungary
34226,2021-09-12,2021-09-28,Vértesacsa 486659 azonosító számú Vis maior,constructions,Contracting and performance phase,149557.35,Hungary
34213,2021-09-12,2021-10-08,Ipari övezetet kiszolgáló elkerülő szennyvízvezeté,constructions,Contracting and performance phase,332067.14,Hungary
34149,2021-09-08,2021-09-20,"Debreceni Köztemetőben fakivágási,gallyazási munka",services,Contracting and performance phase,162624.05,Hungary
34104,2021-09-07,2021-09-20,Nyomtatásvezérlő szoftverek követése és támogatása,services,Contracting and performance phase,104724.08,Hungary
34054,2021-09-02,2021-10-22,Időszaki kiadványok beszerzése (793/2021),supplies,Contracting and performance phase,96999.84,Hungary
33528,2021-08-15,2021-09-28,DEK-1070 DE DEAC Lelátó ép. felújítása és bővítése,constructions,Contracting and performance phase,3545897.57,Hungary
32641,2021-07-12,2021-08-25,Bétai elkerülő út építése,constructions,Contracting and performance phase,2536976.49,Hungary
35882,2021-08-12,2021-08-27,Orvosi rendelő felújítása,constructions,Contracting and performance phase,39768.88,Hungary
35879,2021-10-07,2021-10-14,Útfelújítási munkák végzése Hajdúböszörményben,constructions,Contracting and performance phase,128192.17,Hungary
35877,2021-10-10,2021-10-22,Dombóvári Százszorszép Óvoda Tündérkert Bölcsődéje,constructions,Contracting and performance phase,177069.51,Hungary
35876,2021-09-14,2021-10-01,Bölcsőde építése Pocsajban,constructions,Contracting and performance phase,294942.83,Hungary
35875,2021-09-12,2021-09-27,"Ajka, Táncsics, Klapka és Lakos utca felújítása",constructions,Contracting and performance phase,378263.19,Hungary
35871,2021-08-05,2021-08-23,Konferenciaterem hang-video-és világítási rendszer,constructions,Contracting and performance phase,154368.87,Hungary
35863,2021-09-21,2021-10-13,Belterületi utak felújítása,constructions,Contracting and performance phase,445239.24,Hungary
35859,2021-09-19,2021-10-04,Belterületi Önkormányzati utak fejlesztése II.,constructions,Contracting and performance phase,40765.61,Hungary
35568,2021-09-01,2021-10-08,Siemens YSIO rtg ber.-hez vez nélk detektor csere,supplies,Contracting and performance phase,54213.89,Hungary
34497,2021-09-23,2021-10-05,Személygépjárművek és gépjármű karbantartás,supplies,Contracting and performance phase,136144.60,Hungary
33833,2021-08-26,2021-09-08,Szennyvízszivattyú beszerzése II,supplies,Contracting and performance phase,141881.94,Hungary
33180,2021-08-01,2021-08-13,VÍZI- ÉS HORGÁSZTURIZMUS FEJLESZTÉSE - eszközök 2,supplies,Contracting and performance phase,57809.58,Hungary
33091,2021-07-28,2021-09-24,Piaccsarnok építése Szentesen,constructions,Contracting and performance phase,489876.81,Hungary
32723,2021-07-18,2021-07-30,Lakosság közéleti tájékoztatása Bp XIX. kerületben,services,Contracting and performance phase,45530.52,Hungary
32347,2021-07-01,2021-09-17,Csarnok és hozzá kapcsolódó fejépület építése,constructions,Contracting and performance phase,1696752.37,Hungary
31450,2021-05-31,2021-06-17,Pályaorientációs továbbképzés,services,Contracting and performance phase,218253.45,Hungary
31014,2021-05-12,2021-06-28,KEHOP-4.1.0-15-2016-00013 Bormászi tel. t. (2rész),constructions,Contracting and performance phase,2305266.92,Hungary
23241,2020-07-15,2020-08-19,Etikus porta felújítása,constructions,Contracting and performance phase,142271.47,Hungary
35811,2021-09-01,2021-09-20,Bősárkányi óvoda és könyvtár fejlesztése,constructions,Contracting and performance phase,311731.07,Hungary
35801,2021-07-26,2021-08-16,Földtani veszélyforrásból eredő kár helyreállítás2,constructions,Contracting and performance phase,828358.42,Hungary
35778,2021-09-22,2021-10-06,MFP-UHK/2021. BELTERÜLETI UTAK FELÚJÍTÁSA,constructions,Contracting and performance phase,62479.18,Hungary
35776,2021-09-27,2021-10-08,Budapest X. kerület Gém utca felújítása,constructions,Contracting and performance phase,334751.40,Hungary
35521,2021-09-27,2021-10-11,Táncsics Mihály utca útburkolat felújítása,constructions,Contracting and performance phase,114293.76,Hungary
35219,2021-10-04,2021-10-15,"Paks, Táncsics u. út-és járdafelújítás",constructions,Contracting and performance phase,342391.19,Hungary
33022,2021-07-26,2021-08-09,Microsoft Licence megújítás,supplies,Contracting and performance phase,126019.58,Hungary
29775,2021-04-06,2021-04-28,„Multifunkcionális sportkomplexum építése (1442)”,constructions,Contracting and performance phase,1644161.31,Hungary
35839,2021-09-28,2021-10-25,Hűtési rendszerek telepítése (796/2021),constructions,Contracting and performance phase,186513.86,Hungary
35775,2021-09-07,2021-09-24,Útfelújítás Monorierdőn,constructions,Contracting and performance phase,71231.92,Hungary
35542,2021-09-20,2021-09-28,Zeneiskola épületének kiegészítő munkái,constructions,Contracting and performance phase,223419.70,Hungary
35337,2021-09-16,2021-10-05,Napköziotthonos óvoda bővítése,constructions,Contracting and performance phase,159524.32,Hungary
35330,2021-10-04,2021-10-20,Közútfejlesztés Piliscsabán,constructions,Contracting and performance phase,185474.95,Hungary
586940,2023-05-03,,Dostawa odczynników i testów. Część 1-5,supplies,,805.41,Poland
586948,2023-05-03,,Dostawa licencji IBM wraz z 12 miesięcznym wsparciem technicznym producenta,supplies,,611701.66,Poland
585088,2022-11-23,2022-12-08,Dostawa sprzętu medycznego dla potrzeb Uzdrowiska Goczałkowice - Zdrój Sp. z o.o. z siedzibą w Goczałkowicach - Zdroju,supplies,,26679.84,Poland
583899,2022-11-16,2022-11-24,Zakup wyposażenia do Centrum Opiekuńczo Mieszkalnego w Kętrzynie przy ul. Sikorskiego 46 (3).,supplies,,25272.55,Poland
584049,2022-04-21,2022-04-29,Dostawa artykułów żywnościowych do stołówki szkolnej od maja do grudnia 2022r .,supplies,,85121.42,Poland
587527,2022-11-09,2022-11-17,Zimowe utrzymanie dróg w sezonie zimowym 2022/2023 (II postępowanie),services,,146186.17,Poland
585093,2022-10-25,2022-11-04,Sukcesywna dostawa pasty do powlekania,supplies,,18739.60,Poland
583014,2022-11-16,2022-11-25,"ŚWIADCZENIE USŁUGI OCHRONY OSÓB, MIENIA I OBIEKTÓW PROKURATURY REGIONALNEJ W GDAŃSKU",services,,120727.16,Poland
589216,2022-11-22,2022-11-30,Sukcesywne dostawy oleju opałowego lekkiego wraz z transportem w ilości do 120 m3 dla Zespołu Szkół Centrum Kształcenia Rolniczego w Sypniewie,supplies,,159923.89,Poland
584849,2022-09-09,2022-09-26,„Remont ulicy Władysława Jagiełły i Stefana Batorego w Kętrzynie w ramach projektu „Zakup taboru niskoemisyjnego wraz z poprawą infrastruktury transportowej miasta Kętrzyn.”,constructions,,1183102.84,Poland
588785,2022-10-04,2022-10-19,Przebudowa dróg powiatowych w miejscowościach popegeerowskich na terenie Gminy Miejsce Piastowe i Gminy Dukla,constructions,,416159.14,Poland
589444,2022-10-14,2022-10-24,Dostawa i montaż urządzeń zabawowych na place zabaw w Sopocie,supplies,,50246.35,Poland
584499,2022-07-19,2022-08-23,Budowa krytej pływalni w Skarszewach,constructions,,5846745.90,Poland
582009,2022-11-03,2022-11-10,DOSTAWA MONITORÓW INTERAKTYWNYCH W RAMACH PROJEKTU PODNIESIENIE KOMPETENCJI CYFROWYCH WŚRÓD UCZNIÓW I NAUCZYCIELI WOJEWÓDZTWA PODLASKIEGO,supplies,,3293.32,Poland
589142,2022-10-10,2022-10-18,Dostawa infrastruktury hiperkonwergentnej,supplies,,126871.39,Poland
589161,2022-09-02,2022-09-13,Sukcesywne dostawy produktów żywnościowych do Stołówki Uniwersytetu Warszawskiego,supplies,,49310.88,Poland
588501,2022-05-31,2022-06-17,"Rozbudowa drogi powiatowej Nr 2533W Chudek – Gleba – Kierzek – Zawady od km 9+770,00 do km 10+100,00",constructions,,184465.72,Poland
584026,2022-09-22,2022-10-07,REMONTY DRÓG LEŚNYCH NA TERENIE NADLEŚNICTWA DALESZYCE,constructions,,21729.62,Poland
588179,2022-09-28,2022-10-07,Zimowym utrzymaniu dróg gminnych i wewnętrznych oraz parkingów na terenie gminy Kołaczyce w sezonie zimowym 2022/2023.,services,,1348.80,Poland
589632,2022-08-30,2022-09-14,Zaprojektowanie i wykonanie robót budowlanych w ramach zadania pn.: „Dostawa i montaż instalacji fotowoltaicznej o mocy do 50 kWp” w WZOZ z siedzibą w Częstochowie.”,constructions,,49287.05,Poland
581291,2022-08-24,2022-09-16,Budowa budynku mieszkalnego wielorodzinnego przy ul. Polnej 16 w Ustce (budynek B-4),constructions,,1838300.74,Poland
581699,2022-08-12,2022-08-22,Dostawa sprzętu dydaktycznego dla Szkoły Podstawowej nr 182 w Łodzi w ramach realizacji projektu „Laboratoria przyszłości”,supplies,,13144.01,Poland
580850,2022-08-22,2022-08-30,Dostawa materiałów biurowych i papieru ksero.,supplies,,95533.15,Poland
582013,2022-07-20,2022-07-28,Zawarcie umów ramowych na świadczenie usług transportowych,services,,73777.97,Poland
581718,2022-07-14,2022-07-22,Dostawa sprzętu komputerowego dla dzieci z rodzin popegeerowskich w ramach projektu Cyfrowa Gmina - „Wsparcie dzieci z rodzin pegeerowskich w rozwoju cyfrowym – Granty PPGR”,supplies,,95040.71,Poland
579782,2022-06-28,2022-07-06,Opracowanie dokumentacji projektowej przebudowy budynku biblioteki na potrzeby filii NCK w Nowosielcu,services,,4832.75,Poland
583692,2022-06-10,2022-06-27,ZAGOSPODAROWANIE ZABYTKOWEGO DWORKU WRAZZ OTOCZENIEM W MIEJSCOWOŚCI STRASZĘCIN,constructions,,35357.64,Poland
591468,2022-07-01,2022-07-11,"„Zakup i dostawa urządzeń informatycznych z oprogramowaniem oraz usługą szkoleniową w ramach zapewnienia cyberbezpieczeństwa systemów informatycznych Urzędu Miejskiego w Olszynie""",services,,22032.56,Poland
578226,2022-06-13,2022-06-23,dostawa komponentów do rozbudowy podsystemu pamięci masowej,supplies,,222483.53,Poland
579716,2022-05-04,2022-05-19,Przebudowa dróg gminnych w podziale na części,constructions,,76855.93,Poland
577218,2022-06-03,2022-06-13,Dostawa sprzętu II dla realizowanego projektu „eCareMed - eZdrowie w Szpitalu Specjalistycznym Nr 2 w Bytomiu”,supplies,,11515.94,Poland
577039,2022-03-10,2022-03-25,Budowa Centrum Przesiadkowego w Świerklańcu przy ulicy Parkowej,constructions,,1243963.12,Poland
583773,2022-03-28,2022-04-07,Kulturalna wielo – hybrydowa konwersja Gminnego Ośrodka Kultury w Wielowsi z podziałem na zadania częściowe.,supplies,,39454.55,Poland
580892,2022-03-30,2022-04-08,Dostawa mięsa do Dziennego Domu Pomocy Społecznej Wrzos w Tychach,supplies,,12750.45,Poland
575864,2022-03-02,2022-03-17,Przebudowa ul. Wiejskiej i Wiosennej w Niewodnikach,constructions,,290776.23,Poland
587352,2022-02-08,2022-02-21,Zakup i dostawa leków dla potrzeb Apteki szpitalnej,supplies,,138900.19,Poland
576986,2022-01-12,2022-01-28,Remont nawierzchni dróg powiatowych nr 2709G i 2707G z podziałem na dwie części:,constructions,,483381.88,Poland
582288,2021-12-03,2021-12-14,Dostawę artykułów żywnościowych do jednostek obsługiwanych przez Zespół do obsługi Placówek Opiekuńczo-Wychowawczych Nr 3 w Warszawie na rok 2022,supplies,,1277.95,Poland
571816,2021-12-06,2021-12-14,Organizacja i przeprowadzenie kursu podstawowego spawania metodą MIG oraz TIG w podziale na 3 części,services,,3301.20,Poland
584014,2021-12-13,2021-12-21,"Dostawa mięsa i wędlin, mrożonek i ryb, nabiału i produktów mleczarskich, warzyw i owoców, pieczywa, wyrobów piekarskich i ciastkarskich, różnych artykułów spożywczych i jaj.",supplies,,40604.83,Poland
578280,2021-11-26,2021-12-08,Dowożenie wraz z zapewnieniem opieki uczniów,services,,36587.85,Poland
578003,2021-11-23,2021-12-02,Dostawa żywności na potrzeby Domu Pomocy Społecznej „Zacisze” z podziałem na 9 części,supplies,,17945.11,Poland
510041,2021-03-04,2021-03-16,Dostawa sprzętu jednorazowego użytku - 1,supplies,,43980.36,Poland
509263,2021-03-08,2021-03-16,ZP1/03/2021 R. Sukcesywna dostawa artykułów żywnościowych dla Zespołu Placówek Oświatowych w Janowie Podlaskim w 2021.,supplies,,34442.48,Poland
504812,2021-03-23,2021-03-31,Dostawa (sprzedaż wraz z transportem) kruszyw kamiennych.,supplies,,22344.17,Poland
579387,2021-11-29,2021-12-10,Zakup biletów miesięcznych dla uczniów w gminie Dębe Wielkie w okresie od dnia 03.01.2022 r. do 30.06.2022 r.,services,,17459.79,Poland
575823,2021-11-29,2021-12-07,Dostawa używanych lub nowych urządzeń wielofunkcyjnych,supplies,,5297.60,Poland
569847,2021-11-09,2021-12-03,BUDOWA ZESPOŁU BOISK SPORTOWYCH PRZY ZESPOLE SZKÓŁ LEŚNYCH W BIŁGORAJU - ETAP III,constructions,,163382.47,Poland
570845,2021-11-04,2021-11-19,"Rozbiórka obiektów budowlanych wchodzących w skład Zasobu Własności Rolnej Skarbu Państwa, położonych w miejscowościach: Buszkowiczki, Skołoszów, Głobikowa na terenie woj. podkarpackiego",constructions,,19840.86,Poland
571838,2021-10-04,2021-10-15,Zakup i dostawa aparatury badawczej oraz drobnego sprzętu laboratoryjnego dla Międzynarodowego Centrum Badań Innowacyjnych Biomateriałów (ICRI-BioM) Międzynarodowa Agenda Badawcza w Łodzi,supplies,,14967.48,Poland
582233,2021-09-29,2021-10-18,Modernizacja pomieszczeń biurowych w budynku administracyjno - leczniczym Szpitala Mazowieckiego w Garwolinie Sp. z o.o.,constructions,,191872.14,Poland
569397,2021-11-08,2021-11-23,Wykonanie nowego pokrycia dachowego z pracami towarzyszącymi dla Podstacji Sądeckiego Pogotowia Ratunkowego w Krynicy Zdroju.,constructions,,7824.41,Poland
574102,2021-10-12,2021-10-27,Modernizacja sieci LAN urzędów skarbowych województwa lubelskiego.,constructions,,657233.47,Poland
570050,2021-10-18,2021-11-02,Modernizacja sali kinowej Miejsko-Gminnego Ośrodka Kultury w Więcborku – wykonanie widowni,constructions,,63613.25,Poland
569118,2021-10-05,2021-10-15,Kursy dla uczniów,services,,14036.73,Poland
570835,2021-08-09,2021-08-17,Badania ankietowe i zogniskowane wywiady grupowe (FGI) dotyczące dostępności systemu wsparcia relacji w ramach projektu „Zintegrowany system zapobiegania przemocy domowej”,services,,43008.51,Poland
566898,2021-08-05,2021-08-20,Przebudowa ul. Rodła,constructions,,461375.57,Poland
564371,2021-06-29,2021-07-12,"Opracowanie dokumentacji projektowej dla zadania pn. ""Rozbudowa drogi wojewódzkiej nr 179 Szydłowo -Dolaszewo wraz z budową ścieżki rowerowej"".",services,,64111.10,Poland
564370,2021-07-19,2021-08-03,Remont drogi gminnej nr G131154P na odcinku Leżenica-Leżenica Kolonia-Jaraczewo,constructions,,99089.74,Poland
564369,2021-07-23,2021-08-10,Przebudowa drogi gminnej w m. Leżenica,constructions,,37437.33,Poland
564368,2021-07-30,2021-08-16,Budowa wiaty magazynowej na terenie Zakładu Unieszkodliwiania Odpadów w Siedliskach k/Ełku,constructions,,129276.35,Poland
569042,2021-07-29,2021-08-06,"""Dostawa żywienia pozajelitowego wraz z dzierżawą loży laminarnej oraz dostawa żywienia dojelitowego na rzecz Szpitala Czerniakowskiego sp. z o.o.""",supplies,,23969.53,Poland
564330,2021-08-04,2021-08-19,Remont pobocza przy drodze powiatowej Nr 3521L na odcinku Chorążanka - Przewłoka,constructions,,110078.43,Poland
564248,2021-07-16,2021-07-28,Dostawa sprzętu do utrzymania czystości,supplies,,36817.05,Poland
564230,2021-08-16,2021-08-24,Dostawa sprzętu 1x użytku uzupełnienie VII,supplies,,1454.43,Poland
564229,2021-08-05,2021-08-20,Dostawa ziemniaków w okresie jesienno-wiosennym,supplies,,2185.62,Poland
562905,2021-08-13,2021-08-25,Usługi przygotowywania i dostarczania posiłków na potrzeby Zespołu Szkolno-Przedszkolnego w Nowym Aleksandrowie,services,,63086.59,Poland
561531,2021-08-13,2021-08-23,Przygotowanie i podanie posiłków w kuchni zamawiającego,services,,91342.67,Poland
564314,2021-08-02,2021-08-11,Sukcesywne dostawy kruszyw wraz z transportem i rozładunkiem,supplies,,113822.56,Poland
564245,2021-07-26,2021-08-06,"Sprawowanie bezpośredniej opieki, tzw. opieka wytchnieniowa, nad dziećmi i osobaminiepełnosprawnymi na terenie Gminy i Miasta Czerwionka-Leszczyny",services,,10508.34,Poland
564243,2021-07-26,2021-08-05,Świadczenie usług Asystenta Osobistego Osoby Niepełnosprawnej dla osób niepełnosprawnych z terenu Gminy i Miasta Czerwionka-Leszczyny,services,,24169.18,Poland
564237,2021-07-30,2021-08-16,Wzbogacenie oferty spędzania wolnego czasu poprzez budowę i wyznaczenie szlaków rowerowych wraz z nowymi obiektami infrastruktury turystyczno-rekreacyjnej w gminie Wietrzychowice,constructions,,137401.37,Poland
564161,2021-07-22,2021-08-02,Dostawa sprzętu elektronicznego na potrzeby Zespołu Szkół w Dąbrowie Białostockiej.,supplies,,7480.53,Poland
559820,2021-06-09,2021-06-25,Modernizacja budynku Przedszkola Samorządowego nr 7 w Piotrkowie Trybunalskim,constructions,,156053.71,Poland
567400,2021-06-28,2021-07-14,Przebudowa drogi gminnej Nr 115164E relacji Wola Pękoszewska - Niemieryczew,constructions,,196913.98,Poland
564338,2021-07-16,2021-08-03,"Wymiana źródła ciepła i instalacji centralnego ogrzewania, ciepłej wody użytkowej oraz wod-kan w budynku przy ul. Parkowej 10 w Rogowie",constructions,,44844.81,Poland
564206,2021-07-12,2021-08-02,Modernizacja systemu sygnalizacji pożarowej budynku Centrum Sztuki Mościce,constructions,,38112.90,Poland
564165,2021-08-04,2021-08-20,Wykonanie pokrycia dachu z dachówki ceramicznej karpiówki budynku mieszkalnego usytuowanego przy ul. Stylowej 14 w Warszawie.,constructions,,73755.00,Poland
564136,2021-08-03,2021-08-11,Usługi restauracyjne na rzecz dzieci uczęszczającychdo Przedszkola nr 104 „Na Misiowej Polanie” we Wrocławiu,services,,210094.49,Poland
564131,2021-07-22,2021-07-30,Opracowanie dokumentacji projektowej wraz z uzyskaniem niezbędnych decyzji administracyjnych dla: Budowa sieci kanalizacji sanitarnej wraz z przyłączami w 2 sołectwach w Gminie Brzeszcze,services,,96624.26,Poland
564108,2021-07-21,2021-07-29,Dostawa nowego samochodu ratowniczo-gaśniczego typu średniego z napędem 4x4 dla Ochotniczej Straży Pożarnej w Zimnej Brzeźnicy,supplies,,184928.10,Poland
564083,2021-07-23,2021-08-09,"Termomodernizacja budynku mieszkalnego przy ul. Michała Drzymały 10 w Policach wraz z robotami towarzyszącymi, administrowanego przez Zakład Gospodarki Komunalnej i Mieszkaniowej w Policach",constructions,,43140.51,Poland
563882,2021-07-16,2021-07-27,Systematyczne dostawy do PAP S.A. prasy krajowej w wersji papierowej,supplies,,11848.24,Poland
561260,2021-08-03,2021-08-13,Wykonywanie usług przewozów regularnych specjalnych dla uczniów placówek oświatowych działających na terenie Gminy Chodzież w okresach nauki szkolnej 2021-2023.,services,,158893.23,Poland
564304,2021-06-29,2021-07-15,"Budowa boiska wielofunkcyjnego, bieżni prostej zakończonej skocznią do skoku w dal przy Zespole Szkolno - Przedszkolnym w Łuszczowie",constructions,,202249.95,Poland
564299,2021-07-01,2021-07-19,Budowa oświetlenia ulicznego na terenie Gminy Zarszyn,constructions,,129107.84,Poland
564196,2021-07-09,2021-07-19,Wykonanie usługi polegającej na wsparciu modernizacji oprogramowania Centrum Infrastruktury Badawczej Indukowanej Sejsmiczności (CIBIS),services,,34735.23,Poland
564179,2021-07-01,2021-07-16,„Przebudowa wiaduktu w ciągu drogi powiatowej nr 5055S w km 1+745 w miejscowości Bluszczów”,constructions,,332796.60,Poland
564157,2021-08-04,2021-08-12,Dowóz i odwóz uczniów do placówek oświatowych na terenie Gminy Pionki oraz uczniów niepełnosprawnych do placówki oświatowej na terenie Gminy Miasta Pionki w roku szkolnym 2021/2022,services,,44236.80,Poland
564148,2021-07-23,2021-08-10,Remont drogi dz. ewid. nr 769/1 „Do leśniczówki „ w km 0 + 420 – km 0 + 940 w miejscowosci Nowy Dzików,constructions,,46726.71,Poland
564135,2021-07-28,2021-08-05,Usługi restauracyjne na rzecz uczniów uczęszczającychdo Szkoły Podstawowej nr 118 we Wrocławiu.,services,,229159.66,Poland
564100,2021-07-28,2021-08-10,DOWÓZ UCZNIÓW DO SZKÓŁ PODSTAWOWYCH z terenu Miasta i Gminy Czerwińsk nad Wisłą W ROKU SZKOLNYM 2021/2022,services,,80578.42,Poland
564081,2021-07-22,2021-08-09,„Modernizacja dachów na budynkach oświatowych Gminy Wolbrom w Gołaczewach i Zarzeczu oraz modernizacja budynku gminnego w Porębie Dzierżnej”.,constructions,,51840.79,Poland
564034,2021-06-14,2021-06-22,˜Zakup nowego ciężkiego samochodu ratowniczo-gaśniczego z napędem 4x4 dla Ochotniczej Straży Pożarnej w Gniewkowie,supplies,,237837.44,Poland
561428,2021-08-10,2021-08-18,Świadczenie usług w zakresie sprzątania w budynku szkołyZespołu Szkolno-Przedszkolnego nr 22we Wrocławiu,services,,39647.00,Poland
564238,2021-06-21,2021-07-06,Modernizacja dachu na budynku Szkoły Podstawowej w Skępem,constructions,,73508.75,Poland
564109,2021-07-13,2021-07-27,"Wykonanie podbudowy z gruntu rodzimego stabilizowanego spoiwem hydraulicznym: Droga nr 61 Nadleśnictwo Międzyrzecz, Rm 2,5 MPa gr. Warstwy 30 cm",constructions,,75231.87,Poland
564063,2021-07-30,2021-08-09,Przewozy dzieci z terenu gminy Ochotnica Dolna na zajęcia szkolne wraz z zapewnieniem opieki nad nimi w trakcie przewozów,services,,16393.98,Poland
564058,2021-08-10,2021-08-18,Dowóz uczniów szkół gminy Bytów do Kompleksu Basenowo-Rekreacyjnego „Nimfa” w Bytowie oraz dowóz uczniów z niepełnosprawnością do szkół w gminie Bytów w roku szkolnym 2021/2022,services,,22883.86,Poland
564009,2021-07-20,2021-07-29,KONSERWACJA I PRZEGLĄD URZĄDZEŃ WENTYLACYJNYCH I KLIMATYZACYJNYCH W BUDYNKACH INSTYTUT HEMATOLOGII I TRANSFUZJOLOGII W WARSZAWIE W SIEDZIBACH PRZY UL. I. GANDHI 14 I CHOCIMSKIEJ 5,services,,3844.56,Poland
2059542,2021-11-20,,publicare anunt angajare in presa locala,supplies,,,Romania
2059348,2021-11-19,,CAMERA AER,supplies,,,Romania
2058318,2021-11-19,,ULEI AUTO,supplies,,,Romania
2058317,2021-11-19,,Manusi de unica folosinta-60cutii pentru Centrele de vaccinare,supplies,,,Romania
2058316,2021-11-19,,DSTR - Servicii de inspectie tehnică a autovehiculelor,services,,,Romania
2058315,2021-11-19,,servicii de reparatie si intretinere autovehicule,services,,,Romania
2058314,2021-11-19,,SERVICII DE REPARATII SI INTRETINERE A AUTOMOBILELOR PIESE SI MANOPERA CF DEVIZ NR.85/18.11.2021,services,,,Romania
2058313,2021-11-19,,timbre postale,services,,,Romania
2058312,2021-11-19,,medicmamente necompensate,supplies,,,Romania
2058311,2021-11-19,,abonament cablu tv,services,,,Romania
2058310,2021-11-19,,analize medicale de laborator,services,,,Romania
2058309,2021-11-19,,Servicii de medicina muncii,services,,,Romania
2058308,2021-11-19,,servicii de reparatii angrenaj,services,,,Romania
2058307,2021-11-19,,medicamente compensate,supplies,,,Romania
2058306,2021-11-19,,borhot de bere,supplies,,,Romania
2058305,2021-11-19,,SERVICII INLOCUIRE PLACUTE FRANA,services,,,Romania
2058304,2021-11-19,,ITP auto,services,,,Romania
2058302,2021-11-19,,abonament tv,services,,,Romania
2058301,2021-11-19,,chirie kit decodor,services,,,Romania
2058300,2021-11-19,,colectare si transport deseuri biologice,services,,,Romania
2058297,2021-11-19,,Medicamente necompensate,supplies,,,Romania
2058295,2021-11-19,,INTERCOOLER AUTO,supplies,,,Romania
2058294,2021-11-19,,SERVICE AUTO,services,,,Romania
2058222,2021-11-19,,Achizitie manusi de protectie rezistente la agenti chimici,supplies,,,Romania
2058221,2021-11-19,,alimente,supplies,,,Romania
2058219,2021-11-19,,alimente,supplies,,,Romania
2058216,2021-11-19,,RECHIZITE BIROU,supplies,,,Romania
2058215,2021-11-19,,cartus toner,supplies,,,Romania
2058214,2021-11-19,,asistenta si mentenanta centrala termica,services,,,Romania
2058212,2021-11-19,,APA DE IZVOR,supplies,,,Romania
2058210,2021-11-19,,Achiziție dezumidificatoare,supplies,,,Romania
2058209,2021-11-19,,COMBUSTIBIL,supplies,,,Romania
2058208,2021-11-19,,PROTECTIA MUNCII,services,,,Romania
2058207,2021-11-19,,COMBUSTIBIL,supplies,,,Romania
2058206,2021-11-19,,COMPRESOR AUTO,supplies,,,Romania
2058205,2021-11-19,,BANDA MASCARE,supplies,,,Romania
2058203,2021-11-19,,REPARATIE AUTOMOBIL - CSC NR. 3 BUZAU,services,,,Romania
2058202,2021-11-19,,Furnizare materiale electrice DS Salaj,supplies,,,Romania
2058201,2021-11-19,,HARTIE COPIATOR,supplies,,,Romania
2058200,2021-11-19,,MATERIALE VOPSITORIE,supplies,,,Romania
2058199,2021-11-19,,Servicii de inchiriere macara,services,,,Romania
2058198,2021-11-19,,ASIGURARE RCA AUTOUTILITARA SCANIA SV06CCR,services,,,Romania
2058197,2021-11-19,,PLACUTE FRANA,supplies,,,Romania
2058196,2021-11-19,,abonament tv,services,,,Romania
2058195,2021-11-19,,Cartuse toner original pentru imprimanta MF 443 DW,supplies,,,Romania
2058194,2021-11-19,,REPARATIE ELEVATOR,services,,,Romania
2058193,2021-11-19,,VEHICULE CU DOUA ROTI ACTIONATE ELECTRIC,supplies,,,Romania
2058192,2021-11-19,,SERVICE AUTO,services,,,Romania
2058191,2021-11-19,,SERVICII APLICARE FOLIE AUTO,services,,,Romania
2058190,2021-11-19,,REFRACTOMETRU,supplies,,,Romania
2058189,2021-11-19,,REPARATIE MOTOR SKIJET,services,,,Romania
2058188,2021-11-19,,REVIZIE TEHNICA,services,,,Romania
2058187,2021-11-19,,borhot de bere,supplies,,,Romania
2058186,2021-11-19,,SERVICII INLOCUIRE PARBRIZ,services,,,Romania
2058185,2021-11-19,,SERVICE AUTO,services,,,Romania
2058183,2021-11-19,,colectare si transport deseuri menajere,services,,,Romania
2058181,2021-11-19,,timbre postale,supplies,,,Romania
2058180,2021-11-19,,servicii de medicina muncii,services,,,Romania
2058179,2021-11-19,,canalizare apa rece menajera,services,,,Romania
2058178,2021-11-19,,medicamente compensate,supplies,,,Romania
2058176,2021-11-19,,colectare transport deseuri biologice,services,,,Romania
2058174,2021-11-19,,apa potabila,supplies,,,Romania
2058173,2021-11-19,,Medicamente necompensate,supplies,,,Romania
2058171,2021-11-19,,Medicamente necompensate,supplies,,,Romania
2058170,2021-11-19,,Medicamente necompensate,supplies,,,Romania
2058169,2021-11-19,,medicamente necompensate,supplies,,,Romania
2058168,2021-11-19,,ITP auto,services,,,Romania
2058167,2021-11-19,,Medicamente compensate,supplies,,,Romania
2058166,2021-11-19,,Timbre postale,services,,,Romania
2058165,2021-11-19,,borhot de bere,supplies,,,Romania
2058164,2021-11-19,,Medicamente necompensate,supplies,,,Romania
2058163,2021-11-19,,Colectare si transport deseuri biologice,services,,,Romania
2058162,2021-11-19,,analize medicale de laborator,services,,,Romania
2058161,2021-11-19,,abonament cablu tv,services,,,Romania
2058160,2021-11-19,,Servicii de reparatii centrala termica,services,,,Romania
2058159,2021-11-19,,abonament tv,services,,,Romania
2058158,2021-11-19,,servicii de medicina muncii,services,,,Romania
2058157,2021-11-19,,medicamente compensate,supplies,,,Romania
2058156,2021-11-19,,chirie kit decodor,services,,,Romania
2058155,2021-11-19,,servicii de medicina muncii,services,,,Romania
2058154,2021-11-19,,colectare si transport deseuri menajere,services,,,Romania
2058153,2021-11-19,,medicamente compensate,supplies,,,Romania
2058152,2021-11-19,,medicamente necompensate,supplies,,,Romania
2058151,2021-11-19,,apa potabula,supplies,,,Romania
2058150,2021-11-19,,medicamente compensate,supplies,,,Romania
2058149,2021-11-19,,medicamente compensate,supplies,,,Romania
2058148,2021-11-19,,canalizare apa rece menajera,services,,,Romania
2058146,2021-11-19,,prestari servicii profesionale DDD,services,,,Romania
2058145,2021-11-19,,colectare si transport deseuri menajere,services,,,Romania
2058144,2021-11-19,,Servicii de medicina muncii,services,,,Romania
2058143,2021-11-19,,chirie kit decodor,services,,,Romania
2058142,2021-11-19,,"CONDICI MEDICAMENTE, FISE DE MAGAZIE, HARTIE XEROGRAFICA, INDOGO, NIR AUTOCOPIATIV - CSCD BUZAU",supplies,,,Romania
2058141,2021-11-19,,Truse diagnosticare,supplies,,,Romania
2058140,2021-11-19,,Panou sandwitch,supplies,,,Romania
2058139,2021-11-19,,COMPRESOR AUTO,supplies,,,Romania
2058138,2021-11-19,,REPARATIE AUTOMOBIL CONFORM DEVIZ NR. 460/ CSCH NR. 14 RM SARAT,services,,,Romania
2058137,2021-11-19,,SERVICII INLOCUIRE PLACUTE FRANA,services,,,Romania
2058136,2021-11-19,,Eprubete sticlă neutră.,supplies,,,Romania
2058134,2021-11-19,,"Canule pentru terapie de oxigen, cu flux inalt",supplies,,,Romania
2058133,2021-11-19,,LAVETE,supplies,,,Romania
831333,2021-06-29,2021-06-07,"Servicio de producción de células mesenquimales troncales adultas autólogas y alogénicas de medula ósea expandidas, vinculado al proyecto de investigación PIC18/00001",services,,,Spain
831322,2021-05-17,2021-06-01,"Contratación de Servicio de la Programación de Actividades de Promoción Turísticas del Municipio, desde mayo a noviembre 2021 y de la Delegación de Igualdad y Bienestar Social, desde mayo a diciembre 2021 del Ayuntamiento de Castilleja de la Cuesta.",services,,,Spain
831319,2021-06-29,,Adquisicion de impresoras A4 Color para el Ministerio de Defensa ( Sección Económico Financiera de la Dirección General de Infraestructuras. Mde ),supplies,,,Spain
831318,2021-06-29,,Renovación de las licencias de productos Opentext del Ministerio de Sanidad ( Ministerio de Sanidad ),supplies,,,Spain
831317,2021-05-26,2021-06-11,Servicios de digitalización de las solicitudes de Prestaciones Ordinarias de Cese de Actividad de Trabajadores Autónomos (PO-CATA) y digitalización de nuevas prestaciones.,services,,,Spain
831316,2021-06-29,,Suministro de Papel ( 4ª Zona de la Guardia Civil de Sevilla ),supplies,,,Spain
831315,2021-06-29,,Suministro de Papel ( 4ª Zona de la Guardia Civil de Sevilla ),supplies,,,Spain
831314,2021-06-29,,Uso de licencias de Microsoft 365 ( Subsecretaría Ministerio de Universidades ),supplies,,,Spain
831313,2021-06-29,,"Suministro de escaneres para su uso en las aplicaciones GEISER, SIVICO y SIGECO del Ministerio de Asuntos Exteriores, Union Europea y Cooperacion. ( Subdirección General de Informática, Comunicaciones y Redes. MAEC )",supplies,,,Spain
831312,2021-06-29,,"Suministro de diversos equipos y licencias para la ampliación de la infraestructura necesaria para proyectos de renovación tecnológica del Ministerio de Asuntos Exteriores, Unión Europea y Cooperación ( Subdirección General de Informática, Comunicaciones y Redes. MAEC )",supplies,,,Spain
831311,2021-06-29,,Suscripción licencias Metallic O365 Backup &amp; Recovery eDiscovery edition por una (1) anualidad. ( ICEX España Exportación e Inversiones ),supplies,,,Spain
831310,2021-06-29,,"Suministro de cesión del derecho de uso de la licencia Alfresco ( Centro de Investigaciones Energeticas, Medioambientales y Tecnológicas (CIEMAT) )",supplies,,,Spain
831309,2021-06-29,,"Contratacion del suministro de papel de equipos de impresion, fotocopiadoras y multicopiadoras ( Fondo de Reestructuración Ordenada Bancaria (FROB) )",supplies,,,Spain
831308,2021-06-29,,"Contratacion del suministro de papel de equipos de impresion, fotocopiadoras y multicopiadoras ( Fondo de Reestructuración Ordenada Bancaria (FROB) )",supplies,,,Spain
831297,2021-05-04,2021-05-19,Cine verano 2021 Diputación Provincial de Jaén,other,,,Spain
831295,2021-02-23,2021-03-10,Servicios de control de plagas en los centros dependientes de la Diputación Provincial de A Coruña,services,,,Spain
831294,2021-05-25,2021-06-08,Suministro de un vehículo tipo camión diésel con volquete para los servicios múltiples del Ayuntamiento de Gilet,supplies,,,Spain
831291,2021-05-17,2021-06-02,"Servicio de conexiones de acceso a internet para los distintos edificios municipales y el servicio de tarjetas SIM MACHINE-TO-MACHINE (M2M) del Iltre, Ayuntamiento de Palma del Río (Córdoba)",services,,,Spain
831279,2021-06-02,2021-06-16,"Contrato de Servicios de socorrismo, control de acceso y del uso libre de la piscina pública del Ayuntamiento de Hornachuelos por procedimiento abierto simplificado abreviado",services,,,Spain
831277,2021-05-10,2021-05-31,"Obras de adecuación de acabados interiores, reparación de humedades y cubierta del Colegio de Artistas y Físicos de la UAH (Actual Consejo de Estudiantes)",constructions,,,Spain
831249,2021-05-13,2021-05-27,"Suministro, sustitución, instalación y puesta en funcionamiento de aparatos de aire acondicionado en dependencias oficiales de diversos acuartelamientos de la 5ª Zona de la Guardia Civil de la Región de Murcia",supplies,,,Spain
831243,2021-05-17,2021-06-06,Servicio de mantenimiento de equipos SAI's de la Base Aérea de Torrejón,services,,,Spain
831220,2021-06-29,2021-06-19,Servicios de coordinación en materia de seguridad y salud en las obras exteriores de mejoras y conservación en el centro deportivo municipal Plata y Castañar.,services,,,Spain
831215,2021-06-29,2021-05-26,"Servicio mantenimiento periódico vehículos dependientes de la Delegación Provincial Economía, Empresas y Empleo de Toledo (Lote 2.5.1)",services,,,Spain
831200,2021-05-26,2021-06-09,"Contratación del servicio denominado “Elaboración del Informe Ambiental Anual correspondiente a los años 2021-2022”, a partir de los datos e información obtenidos durante el desarrollo del Programa de Vigilancia y Control del Complejo Ambiental de La Dehesa, T.M. de La Frontera, Isla de El Hierro.",services,,,Spain
831183,2020-11-23,2020-11-30,Contrato de arrendamiento de la parcela sita en calle Ronda Mar nº 34 para destinarla a aparcamiento público por adjudicación directa.,other,,,Spain
831182,2021-05-10,2021-05-25,"Suministro, bajo la modalidad de renting, de un Vehículo patrulla destinado al servicio de la Policía Local de La Rambla",supplies,,,Spain
831175,2021-06-09,2021-06-23,Adecuación de Planta para sala Multidisciplinar,constructions,,,Spain
831169,2021-06-29,,Servicios artísticos por parte de James Gaffigan como Director musical,services,,,Spain
831167,2021-06-29,,"Contrato de Servicio de Catering Derivado de AM. N.º 60004 20 0001 (Lotes 26, 27, 28, 30, 33, 34 y 35 - UCALSA SA), desde el 01JUL21 hasta 31AGO21 (a.i)",services,,,Spain
831157,2021-05-28,2021-06-10,Concesión de servicios para la gestión de la Piscina exterior Municipal del Ayuntamiento de Xinzo de Limia,other,,,Spain
831147,2021-04-09,2021-04-26,"Desratización, Desinsectación, Desinfección y Control de la Legionelosis en el Término Municipal de Algarrobo",services,,,Spain
831140,2021-06-04,2021-06-14,Contratación de las pólizas de seguros del Ayuntamiento de Zalla.,services,,,Spain
831134,2021-04-29,2021-05-21,"Obras de reforma y adecuación del edificio de las ""Antiguas Escuelas de Podes""",constructions,,,Spain
831133,2021-03-22,2021-04-06,Servicio de conservadores de instalaciones deportivas municipales,services,,,Spain
831130,2021-04-27,2021-05-18,"Suministro para la Adquisición de Equipos, Dispositivos y Accesorios Informáticos",supplies,,,Spain
831108,2021-06-29,,"Servicio de noticias texto, efe.com, alertas informativas y agenda mundial",services,,,Spain
831105,2021-04-10,2021-05-10,"Suministro, implantación e integración en los sistemas TIC de la Autoridad Portuaria de Baleares de una plataforma geoespacial",services,,,Spain
831104,2021-06-08,2021-06-23,suministro e instalación de una fresadora universal y accesorios,supplies,,,Spain
831080,2021-06-29,,Servicio de noticias nacional,services,,,Spain
831079,2021-06-29,2021-06-04,contrato basado mantenimiento neumáticos vehículos talavera de la reina dp sanidad toledo,services,,,Spain
831075,2021-05-19,2021-06-04,"Suministro de un vehículo tractor sin cabina, con arco de seguridad",supplies,,,Spain
831064,2021-05-07,2021-05-21,Servicios control de calidad en las obras de rehabilitación urbana de Ciudad de los Angeles 4ª fase. Distrito Villaverde Madrid,services,,,Spain
831030,2021-05-11,2021-05-26,Contrato de servicios para la Dirección Facultativa de las obras para las actuaciones de accesibilidad en la calle Pan y Toros,services,,,Spain
831022,2021-05-24,2021-06-08,"Reforma del patio del CEIP Mestre Guillemet, TM Santa Eugènia",constructions,,,Spain
831017,2021-02-11,2021-03-11,"la contratación de los servicios de mantenimiento y soporte de usuarios de primer y segundo nivel necesarios para garantizar el correcto funcionamiento de los sistemas de información y equipamiento informático actual instalado y funcionando en el Departamento de Salud Valencia la Fe (DSVLF), tanto para resolver problemas o incidencias de operativa cotidiana, como mantenimiento de los mismos.",services,,,Spain
830990,2021-06-04,2021-06-21,"El presente contrato tiene por objeto cubrir el servicio de Socorrismo, control de accesos y el mantenimiento, control y calidad del agua de la piscina municipal",services,,,Spain
831320,2021-06-29,,"Ampliación del almacenamiento para la plataforma de análisis y publicación de datos del Sistema de Información de Ciencia, Tecnología e Innovación (SICTI), sobre el equipo en la infraestructura Cloud del MCIN ( Subsecretaría de Ciencia e Innovación )",supplies,,,Spain
831303,2021-02-19,2021-04-07,"Contratación de los servicios de instalación, mantenimiento y reposición de contenedores higiénico-sanitarios en las dependencias de IMBISA en Avenida Daroca nº 294 (Madrid)",services,,,Spain
831300,2021-05-06,2021-05-24,Suministros de chalecos de alta visibilidad para la FUPRO,supplies,,,Spain
831298,2021-06-07,2021-06-24,Gestión del servicio publico del Bar de la piscina Municipal de Villanueva de San Juan.,other,,,Spain
831293,2021-06-29,2021-01-22,"Reparación, ensayos y montaje del transformador ABB nº89241 en la subestación de Sant Boi, de la LAV Noreste: Madrid-Zaragoza- Barcelona- Frontera Francesa",services,,,Spain
831282,2021-05-07,2021-05-21,"Suministros de material de visibilidad y “merchandising” en NIGER para el proyecto “equipe conjointe d’investigation pour la lutte contre les réseaux criminels liées à l’immigration irrégulière, la traite des êtres humains et le trafic des migrants. ECI-NÍGER, con multitud de criterios de adjudicación relacionados con el precio, reducción de los plazos y años de ejecución de suministros de similar naturaleza, mediante procedimiento abierto simplificado abreviado y tramitación ordinaria.",supplies,,,Spain
831272,2021-06-29,,Reforma Pasillo Planta Baja y Conservación Junta Dilatación del CIFSE,constructions,,,Spain
831271,2021-06-29,,"Acondicionamiento de parcela para uso de aparcamiento por la Policía Municipal de Madrid, calle Arequipa c/v calle Javier del Quintoarequipa, (distrito de Hortaleza) Madrid",constructions,,,Spain
831253,2021-04-07,2021-04-21,"Suministro de materiales para la ejecución del proyecto de obra Entre Fuentes: Acciones para la conservación y valorización del complejo hidráulico El Fontanal, incluida en el Plan de Fomento de Empleo Agrario (PFOEA 2020).",supplies,,,Spain
831242,2021-02-11,2021-02-26,Suministro de Cesión de Derechos de Uso y Soporte sobre el producto SPSS Statistics Premium y Amos Campus Edition o equivalente,supplies,,,Spain
831232,2021-02-15,2021-03-12,Servicios de consultoría y asistencia técnica para la Dirección Ambiental de Obra en las líneas sometidas a D.I.A. encomendadas a ADIF- Alta Velocidad. Línea de Alta Velocidad Madrid-Extremadura,services,,,Spain
831221,2021-05-28,2021-06-11,"Servicio de retirada de residuos sólidos urbanos en la Base Conde de Gazola, desde el 20JUN21, o fecha de formalización del contrato si es posterior, al 31DIC21 (prorrogable un año)",services,,,Spain
831210,2021-05-14,2021-06-01,Asfaltado de calles en Alborea. Obra n.º 6. POS 2021.,constructions,,,Spain
831168,2021-05-11,2021-05-25,Suministro de un vehículo eléctrico para el M.I. Ayuntamiento de Burjassot.,supplies,,,Spain
831161,2021-04-06,2021-04-20,Gestión y Desarrollo de las actividades de la Concejalía de Igualdad,services,,,Spain
831159,2021-06-29,2021-03-22,Servicio de Soporte Integral para la Plataforma de Firma Digital De Adif y Adif Alta Velocidad,services,,,Spain
831156,2021-05-07,2021-05-27,"Obras de acondicionamiento y mejora de la piscina municipal de Pastrana, subsanando las deficiencias estructurales existentes, así como llevando a cabo la construcción de una nueva piscina de uso infantil",constructions,,,Spain
831135,2021-04-06,2021-04-19,Servicio de mantenimiento integral de las instalaciones del Museo Nacional de Arte Romano de Mérida,services,,,Spain
831131,2021-05-26,2021-06-09,Mantenimiento Preventivo anual de las redes de alcantarillado de la Academia de Caballería,services,,,Spain
831122,2021-05-07,2021-05-27,"Sustitución de muros actuales de la piscina por otros de hormigón armado, impermeabilización del vaso y sustitución de instalación de skimer, impulsión y limpiafondos en Espinosa de Henares",constructions,,,Spain
831120,2021-02-19,2021-02-26,Contractació mixta del subministrament i servei d'un sistema d'enregistrament i retransmissió de les sessions del ple municipal,supplies,,,Spain
831109,2021-06-29,2021-06-16,"CDN Dirección de escena de la Obra "" la comedia sin título """,other,,,Spain
831091,2021-04-20,2021-05-04,"Suministro de materiales para la ejecución del proyecto de obra de Reordenación y Mejora de Plaza Juan Díaz de Solís, incluida en el Plan de Fomento de Empleo Agrario (PFOEA 2020)",supplies,,,Spain
831086,2021-05-31,2021-06-15,"Servicio de tratamientos antivectoriales (desratización, desinfectación y desinsectación) y prevención y control de legionelosis en edificios, instalaciones y alcantarillado dentro del término municipal de Vilafranca",services,,,Spain
831083,2021-06-01,2021-06-15,Servicio de mantenimiento de las instalaciones de protección contra incendios de la Base General Morillo desde la formalización del contrato hasta el 31dic21,services,,,Spain
831076,2021-04-09,2021-05-10,La concesión de servicios para la gestión de Albergue y Campamento Juvenil de Espinosa de los Monteros (Burgos) de titularidad de la Comunidad de Castilla y León y dependientes del Instituto de la Juventud de Castilla y León.,other,,,Spain
831065,2021-03-05,2021-04-07,Obras de limpieza y conservación de fachadas de la sucursal del Banco de España en Zaragoza,constructions,,,Spain
830998,2021-04-30,2021-05-14,Servicios de defensa contra incendios forestales en el concejo de Villaviciosa,services,,,Spain
830984,2021-05-21,2021-06-03,Concesión de servizos da piscina municipal de Oroso,other,,,Spain
830982,2021-06-28,2021-06-21,Servicios de coordinación de Seguridad y Salud en obras de supresión de barreras arquitectónicas en las vías públicas del Distrito de Retiro. (C/ Marqués de Lozoya y otras).,services,,,Spain
830978,2021-06-28,2021-06-08,"Servicios de Coordinación en materia de Seguridad y Salud en las obras de ampliación de aceras en accesos al Mercado de la Guindalera (C/Eraso 14, Madrid)",services,,,Spain
830977,2020-12-15,2021-05-05,Suministro de placas para paramentos verticales y falsos techos para la ejecución del nuevo centro de salud de Las Tablas en Madrid.,supplies,,,Spain
830975,2021-06-28,2021-05-04,"Suministro de cebos sólidos a base de HEXAFLUMURON 0,5% para el control de Reticulitermes flavipes en la Isla de Tenerife, a adjudicar por procedimiento negociado sin publicidad SARA",supplies,,,Spain
830974,2021-05-03,2021-05-19,"Suministro de válvulas de mariposa embridadas para la estación de bombeo de la obra: Proyecto de estación de bombeo y red de riego del Sector XVIII de la Subzona de Payuelos. Primera fase (León y Valladolid), a adjudicar por procedimiento abierto simplificado.",supplies,,,Spain
830971,2021-04-28,2021-05-19,Obras para realización de viales y servicios vinculantes en la concesión de licencia y construcción de muro de contención en Las Palmas de Gran Canaria,constructions,,,Spain
830967,2021-05-28,2021-06-14,"Servicio de organización y producción de contenidos, adecuación de las instalaciones y grabación de vídeos para los eventos Demoday de los distintos espacios coworking",services,,,Spain
830965,2021-01-22,2021-02-18,"Subministro e instalación, mediante renting, del césped artificial y del sistema auxiliar de riego por aspersión ene l campo de fútbol municipal de O Revel - Vilalonga.",supplies,,,Spain
830964,2021-06-25,2021-05-25,"La Explotación por lotes de instalaciones temporales por terceros en las playas del término municipal de Cartagena, durante las temporadas 2021, 2022, 2023 y 2024",other,,,Spain
830962,2021-06-28,2021-06-01,"Servicio de limpieza en las instalaciones de la Calle Balbina Valverde, número 1 de Madrid, dependiente del Ministerio de Transportes, Movilidad y Agenda Urbana, para un periodo de 12 meses",services,,,Spain
830961,2021-06-28,2021-06-21,"Servicios de Coordinación en materia de Seguridad y Salud en las obras a realizar en los C.E.I.P. Adolfo Suárez, C.E.I.P. Filósofo Séneca, C.E.I.P. Juan Zaragüeta, C.E.I.P Pablo Picasso, C.E.E Princesa Sofía, C.E.I.P San Miguel y E.I.M La Gran Vía, del Distrito de Hortaleza”.",services,,,Spain
830959,2021-06-28,2021-06-15,"Servicios de Coordinación en materia de Seguridad y Salud en las obras de acondicionamiento en: EI Las Nubes, CEIP Francisco de Quevedo y CEIP Ciudad de Roma.",services,,,Spain
830956,2021-06-28,2021-06-28,Suministro de frutas y verduras frescas centralizadas para el lote 7 P.T. de Antequera desde el 1 de julio al 31 de julio de 2021.,supplies,,,Spain
830949,2021-06-07,2021-06-21,Prevención de riesgos laborales y servicios de vigilancia de la salud,services,,,Spain
830941,2020-10-30,2020-12-17,"Servicio de Análisis, diseño, desarrollo, implantación y Gestión de un nuevo sistema de información para Policía Portuaria (Proyecto Victoria).",services,,,Spain
830939,2021-06-02,2021-06-14,"Servicio consistente en realizacion de pruebas diagnosticas complementarias en las poblaciones de Jaen y Linares, para Mutua Intercoamarcal.",services,,,Spain
830935,2021-05-27,2021-06-14,Varada anual reglamentaria 2021 patrullero Alcaraván I,services,,,Spain
830922,2021-05-18,2021-06-01,"Rutas para el desarrollo de actividades de concienciación, sensibilización e información ambiental para familias del Distrito de Villaverde.",services,,,Spain
830917,2021-05-19,2021-06-02,"Praxis de actuación y coordinación de los trabajos de limpieza de valles, acequias y canales en el término municipal de Oliva",services,,,Spain
830910,2021-06-28,2021-06-29,"Servicio mantenimiento integral de los aceleradores lineales VARIAN, Red ARIA y ECLIPSE del Hospital Universitario Son Espases",services,,,Spain
830897,2021-06-28,2021-06-16,"Suministro de reactivos para la determinación de antígeno de superficie del virus de la Hepatitis B y determinación de infección activa y capacidad de detección del mutante del HBsAg Thr-123-Ala y de los mutantes de escape entre las posiciones 126, 129,133, 144, 145, en mezclas de plasma humano y anticuerpos anti HIV-1 y 2 incluyendo el subtipo o en mezclas de plasma humano con el sistema de inmunoanálisis quimiluminiscente analizador Architect i2000SR",supplies,,,Spain
830884,2021-05-04,2021-05-25,Suministro de gas natural canalizado en el edificio sede conjunta de las Direcciones Provinciales de la Tesorería General y del Instituto Nacional de la Seguridad Social de Salamanca,supplies,,,Spain
830883,2021-06-09,2021-06-24,"Servicio de carga y descarga, movimiento y montaje de materiales para las distintas actividades organizadas en el marco de la programación de festejos de “Verano Gijón 2021”",services,,,Spain
830875,2021-06-02,2021-06-14,"Adquisició d'un vehicle nou 100% elèctric, formant part de l'inventari de l’Ajuntament de Castelló (Valencia).",supplies,,,Spain
